Requisition,Activity,Timestamp,Status,Team
REQ-2026-0001,Raise Requisition,2026-03-02T09:31:17Z,Raised,Procurement
REQ-2026-0002,Raise Requisition,2026-03-02T13:10:20Z,Raised,Procurement
REQ-2026-0003,Raise Requisition,2026-03-02T14:58:24Z,Raised,Procurement
REQ-2026-0004,Raise Requisition,2026-03-02T15:57:17Z,Raised,Procurement
REQ-2026-0005,Raise Requisition,2026-03-02T16:31:13Z,Raised,Procurement
REQ-2026-0006,Raise Requisition,2026-03-02T16:44:12Z,Raised,Procurement
REQ-2026-0001,Check Budget,2026-03-02T18:52:17Z,Budget Checked,Finance
REQ-2026-0005,Check Budget,2026-03-02T21:09:13Z,Budget Checked,Finance
REQ-2026-0002,Check Budget,2026-03-02T22:03:20Z,Budget Checked,Finance
REQ-2026-0004,Check Budget,2026-03-02T22:48:17Z,Budget Checked,Finance
REQ-2026-0006,Check Budget,2026-03-02T23:38:12Z,Budget Checked,Finance
REQ-2026-0003,Check Budget,2026-03-03T00:08:24Z,Budget Checked,Finance
REQ-2026-0007,Raise Requisition,2026-03-03T08:02:06Z,Raised,Procurement
REQ-2026-0008,Raise Requisition,2026-03-03T09:29:34Z,Raised,Procurement
REQ-2026-0009,Raise Requisition,2026-03-03T10:07:49Z,Raised,Procurement
REQ-2026-0010,Raise Requisition,2026-03-03T10:57:29Z,Raised,Procurement
REQ-2026-0009,Check Budget,2026-03-03T12:54:49Z,Budget Checked,Finance
REQ-2026-0011,Raise Requisition,2026-03-03T13:01:00Z,Raised,Procurement
REQ-2026-0012,Raise Requisition,2026-03-03T13:27:53Z,Raised,Procurement
REQ-2026-0013,Raise Requisition,2026-03-03T14:17:03Z,Raised,Procurement
REQ-2026-0014,Raise Requisition,2026-03-03T14:59:44Z,Raised,Procurement
REQ-2026-0012,Check Budget,2026-03-03T15:28:53Z,Budget Checked,Finance
REQ-2026-0010,Check Budget,2026-03-03T15:45:29Z,Budget Checked,Finance
REQ-2026-0015,Raise Requisition,2026-03-03T16:44:22Z,Raised,Procurement
REQ-2026-0011,Check Budget,2026-03-03T18:24:00Z,Budget Checked,Finance
REQ-2026-0007,Check Budget,2026-03-03T19:34:06Z,Budget Checked,Finance
REQ-2026-0013,Check Budget,2026-03-03T19:46:03Z,Budget Checked,Finance
REQ-2026-0008,Check Budget,2026-03-03T20:33:34Z,Budget Checked,Finance
REQ-2026-0015,Check Budget,2026-03-03T21:04:22Z,Budget Checked,Finance
REQ-2026-0014,Check Budget,2026-03-03T23:20:44Z,Budget Checked,Finance
REQ-2026-0016,Raise Requisition,2026-03-04T09:18:25Z,Raised,Procurement
REQ-2026-0017,Raise Requisition,2026-03-04T10:11:40Z,Raised,Procurement
REQ-2026-0004,Review Terms,2026-03-04T11:43:17Z,Terms Reviewed,Legal
REQ-2026-0018,Raise Requisition,2026-03-04T12:14:16Z,Raised,Procurement
REQ-2026-0019,Raise Requisition,2026-03-04T12:37:20Z,Raised,Procurement
REQ-2026-0020,Raise Requisition,2026-03-04T13:07:29Z,Raised,Procurement
REQ-2026-0016,Check Budget,2026-03-04T13:29:25Z,Budget Checked,Finance
REQ-2026-0021,Raise Requisition,2026-03-04T13:41:42Z,Raised,Procurement
REQ-2026-0022,Raise Requisition,2026-03-04T14:14:49Z,Raised,Procurement
REQ-2026-0023,Raise Requisition,2026-03-04T14:25:59Z,Raised,Procurement
REQ-2026-0024,Raise Requisition,2026-03-04T14:52:46Z,Raised,Procurement
REQ-2026-0004,Raise Purchase Order,2026-03-04T15:11:17Z,Ordered,Procurement
REQ-2026-0020,Check Budget,2026-03-04T15:15:29Z,Budget Checked,Finance
REQ-2026-0017,Check Budget,2026-03-04T17:06:40Z,Budget Checked,Finance
REQ-2026-0023,Check Budget,2026-03-04T17:57:59Z,Budget Checked,Finance
REQ-2026-0011,Review Terms,2026-03-04T20:02:00Z,Terms Reviewed,Legal
REQ-2026-0002,Review Terms,2026-03-04T20:27:20Z,Terms Reviewed,Legal
REQ-2026-0022,Check Budget,2026-03-04T20:53:49Z,Budget Checked,Finance
REQ-2026-0018,Check Budget,2026-03-04T20:56:16Z,Budget Checked,Finance
REQ-2026-0002,Raise Purchase Order,2026-03-04T22:02:20Z,Ordered,Procurement
REQ-2026-0021,Check Budget,2026-03-04T23:18:42Z,Budget Checked,Finance
REQ-2026-0024,Check Budget,2026-03-05T00:18:46Z,Budget Checked,Finance
REQ-2026-0019,Check Budget,2026-03-05T00:45:20Z,Budget Checked,Finance
REQ-2026-0014,Review Terms,2026-03-05T04:29:44Z,Terms Reviewed,Legal
REQ-2026-0015,Review Terms,2026-03-05T04:51:22Z,Terms Reviewed,Legal
REQ-2026-0025,Raise Requisition,2026-03-05T09:56:13Z,Raised,Procurement
REQ-2026-0026,Raise Requisition,2026-03-05T10:08:50Z,Raised,Procurement
REQ-2026-0027,Raise Requisition,2026-03-05T11:36:23Z,Raised,Procurement
REQ-2026-0028,Raise Requisition,2026-03-05T12:37:30Z,Raised,Procurement
REQ-2026-0014,Raise Purchase Order,2026-03-05T12:47:44Z,Ordered,Procurement
REQ-2026-0029,Raise Requisition,2026-03-05T12:54:25Z,Raised,Procurement
REQ-2026-0026,Check Budget,2026-03-05T13:09:50Z,Budget Checked,Finance
REQ-2026-0030,Raise Requisition,2026-03-05T13:58:21Z,Raised,Procurement
REQ-2026-0015,Query Terms,2026-03-05T14:28:22Z,Terms Queried,Finance
REQ-2026-0031,Raise Requisition,2026-03-05T15:12:18Z,Raised,Procurement
REQ-2026-0032,Raise Requisition,2026-03-05T15:39:16Z,Raised,Procurement
REQ-2026-0025,Check Budget,2026-03-05T15:57:13Z,Budget Checked,Finance
REQ-2026-0030,Check Budget,2026-03-05T18:02:21Z,Budget Checked,Finance
REQ-2026-0008,Review Terms,2026-03-05T18:42:34Z,Terms Reviewed,Legal
REQ-2026-0029,Check Budget,2026-03-05T19:18:25Z,Budget Checked,Finance
REQ-2026-0011,Query Terms,2026-03-05T20:06:00Z,Terms Queried,Finance
REQ-2026-0027,Check Budget,2026-03-05T20:23:23Z,Budget Checked,Finance
REQ-2026-0028,Check Budget,2026-03-05T23:21:30Z,Budget Checked,Finance
REQ-2026-0031,Check Budget,2026-03-06T00:04:18Z,Budget Checked,Finance
REQ-2026-0006,Review Terms,2026-03-06T00:07:12Z,Terms Reviewed,Legal
REQ-2026-0013,Review Terms,2026-03-06T01:07:03Z,Terms Reviewed,Legal
REQ-2026-0032,Check Budget,2026-03-06T02:24:16Z,Budget Checked,Finance
REQ-2026-0013,Raise Purchase Order,2026-03-06T02:25:03Z,Ordered,Procurement
REQ-2026-0021,Review Terms,2026-03-06T09:48:42Z,Terms Reviewed,Legal
REQ-2026-0024,Review Terms,2026-03-06T09:48:46Z,Terms Reviewed,Legal
REQ-2026-0011,Accept Terms,2026-03-06T10:04:00Z,Terms Agreed,Finance
REQ-2026-0006,Query Terms,2026-03-06T10:37:12Z,Terms Queried,Finance
REQ-2026-0033,Raise Requisition,2026-03-06T13:31:15Z,Raised,Procurement
REQ-2026-0021,Raise Purchase Order,2026-03-06T13:47:42Z,Ordered,Procurement
REQ-2026-0034,Raise Requisition,2026-03-06T14:03:14Z,Raised,Procurement
REQ-2026-0016,Review Terms,2026-03-06T14:04:25Z,Terms Reviewed,Legal
REQ-2026-0008,Query Terms,2026-03-06T15:03:34Z,Terms Queried,Finance
REQ-2026-0020,Review Terms,2026-03-06T15:32:29Z,Terms Reviewed,Legal
REQ-2026-0035,Raise Requisition,2026-03-06T15:37:08Z,Raised,Procurement
REQ-2026-0012,Review Terms,2026-03-06T15:50:53Z,Terms Reviewed,Legal
REQ-2026-0036,Raise Requisition,2026-03-06T16:01:49Z,Raised,Procurement
REQ-2026-0011,Raise Purchase Order,2026-03-06T16:10:00Z,Ordered,Procurement
REQ-2026-0037,Raise Requisition,2026-03-06T16:10:14Z,Raised,Procurement
REQ-2026-0032,Reject Requisition,2026-03-06T18:13:16Z,Rejected,Finance
REQ-2026-0006,Accept Terms,2026-03-06T18:25:12Z,Terms Agreed,Finance
REQ-2026-0030,Review Terms,2026-03-06T18:25:21Z,Terms Reviewed,Legal
REQ-2026-0037,Check Budget,2026-03-06T18:51:14Z,Budget Checked,Finance
REQ-2026-0035,Check Budget,2026-03-06T20:49:08Z,Budget Checked,Finance
REQ-2026-0034,Check Budget,2026-03-06T21:00:14Z,Budget Checked,Finance
REQ-2026-0019,Review Terms,2026-03-06T21:34:20Z,Terms Reviewed,Legal
REQ-2026-0018,Review Terms,2026-03-06T23:56:16Z,Terms Reviewed,Legal
REQ-2026-0007,Review Terms,2026-03-06T23:57:06Z,Terms Reviewed,Legal
REQ-2026-0010,Review Terms,2026-03-07T00:05:29Z,Terms Reviewed,Legal
REQ-2026-0033,Check Budget,2026-03-07T01:21:15Z,Budget Checked,Finance
REQ-2026-0006,Raise Purchase Order,2026-03-07T02:39:12Z,Ordered,Procurement
REQ-2026-0035,Reject Requisition,2026-03-07T03:16:08Z,Rejected,Finance
REQ-2026-0036,Check Budget,2026-03-07T03:43:49Z,Budget Checked,Finance
REQ-2026-0001,Review Terms,2026-03-07T04:52:17Z,Terms Reviewed,Legal
REQ-2026-0010,Query Terms,2026-03-07T05:02:29Z,Terms Queried,Finance
REQ-2026-0020,Query Terms,2026-03-07T06:44:29Z,Terms Queried,Finance
REQ-2026-0025,Review Terms,2026-03-07T06:57:13Z,Terms Reviewed,Legal
REQ-2026-0018,Raise Purchase Order,2026-03-07T08:08:16Z,Ordered,Procurement
REQ-2026-0003,Review Terms,2026-03-07T08:59:24Z,Terms Reviewed,Legal
REQ-2026-0024,Query Terms,2026-03-07T09:05:46Z,Terms Queried,Finance
REQ-2026-0007,Query Terms,2026-03-07T09:25:06Z,Terms Queried,Finance
REQ-2026-0009,Review Terms,2026-03-07T11:34:49Z,Terms Reviewed,Legal
REQ-2026-0025,Raise Purchase Order,2026-03-07T11:50:13Z,Ordered,Procurement
REQ-2026-0005,Review Terms,2026-03-07T13:54:13Z,Terms Reviewed,Legal
REQ-2026-0012,Query Terms,2026-03-07T14:07:53Z,Terms Queried,Finance
REQ-2026-0016,Query Terms,2026-03-07T14:12:25Z,Terms Queried,Finance
REQ-2026-0003,Raise Purchase Order,2026-03-07T15:02:24Z,Ordered,Procurement
REQ-2026-0030,Query Terms,2026-03-07T15:41:21Z,Terms Queried,Finance
REQ-2026-0031,Review Terms,2026-03-07T17:36:18Z,Terms Reviewed,Legal
REQ-2026-0001,Query Terms,2026-03-07T18:05:17Z,Terms Queried,Finance
REQ-2026-0019,Query Terms,2026-03-07T20:14:20Z,Terms Queried,Finance
REQ-2026-0015,Revise Terms,2026-03-07T21:21:22Z,Terms Revised,Legal
REQ-2026-0031,Raise Purchase Order,2026-03-07T21:35:18Z,Ordered,Procurement
REQ-2026-0023,Review Terms,2026-03-08T03:55:59Z,Terms Reviewed,Legal
REQ-2026-0029,Review Terms,2026-03-08T04:23:25Z,Terms Reviewed,Legal
REQ-2026-0029,Raise Purchase Order,2026-03-08T05:28:25Z,Ordered,Procurement
REQ-2026-0019,Accept Terms,2026-03-08T07:05:20Z,Terms Agreed,Finance
REQ-2026-0023,Raise Purchase Order,2026-03-08T08:43:59Z,Ordered,Procurement
REQ-2026-0009,Query Terms,2026-03-08T11:27:49Z,Terms Queried,Finance
REQ-2026-0019,Raise Purchase Order,2026-03-08T11:43:20Z,Ordered,Procurement
REQ-2026-0005,Query Terms,2026-03-08T12:39:13Z,Terms Queried,Finance
REQ-2026-0015,Accept Terms,2026-03-08T12:43:22Z,Terms Agreed,Finance
REQ-2026-0010,Revise Terms,2026-03-08T13:38:29Z,Terms Revised,Legal
REQ-2026-0012,Revise Terms,2026-03-08T14:12:53Z,Terms Revised,Legal
REQ-2026-0015,Raise Purchase Order,2026-03-08T17:27:22Z,Ordered,Procurement
REQ-2026-0017,Review Terms,2026-03-08T19:25:40Z,Terms Reviewed,Legal
REQ-2026-0022,Review Terms,2026-03-08T23:59:49Z,Terms Reviewed,Legal
REQ-2026-0033,Review Terms,2026-03-09T00:42:15Z,Terms Reviewed,Legal
REQ-2026-0036,Review Terms,2026-03-09T01:25:49Z,Terms Reviewed,Legal
REQ-2026-0012,Accept Terms,2026-03-09T03:02:53Z,Terms Agreed,Finance
REQ-2026-0009,Accept Terms,2026-03-09T03:37:49Z,Terms Agreed,Finance
REQ-2026-0022,Raise Purchase Order,2026-03-09T04:22:49Z,Ordered,Procurement
REQ-2026-0010,Accept Terms,2026-03-09T06:07:29Z,Terms Agreed,Finance
REQ-2026-0036,Raise Purchase Order,2026-03-09T08:18:49Z,Ordered,Procurement
REQ-2026-0038,Raise Requisition,2026-03-09T09:00:19Z,Raised,Procurement
REQ-2026-0010,Raise Purchase Order,2026-03-09T09:06:29Z,Ordered,Procurement
REQ-2026-0009,Raise Purchase Order,2026-03-09T09:41:49Z,Ordered,Procurement
REQ-2026-0026,Review Terms,2026-03-09T09:47:50Z,Terms Reviewed,Legal
REQ-2026-0012,Raise Purchase Order,2026-03-09T10:39:53Z,Ordered,Procurement
REQ-2026-0017,Query Terms,2026-03-09T13:24:40Z,Terms Queried,Finance
REQ-2026-0008,Revise Terms,2026-03-09T13:40:34Z,Terms Revised,Legal
REQ-2026-0038,Check Budget,2026-03-09T14:27:19Z,Budget Checked,Finance
REQ-2026-0039,Raise Requisition,2026-03-09T15:23:49Z,Raised,Procurement
REQ-2026-0040,Raise Requisition,2026-03-09T15:59:23Z,Raised,Procurement
REQ-2026-0007,Revise Terms,2026-03-09T16:11:06Z,Terms Revised,Legal
REQ-2026-0041,Raise Requisition,2026-03-09T16:15:16Z,Raised,Procurement
REQ-2026-0040,Check Budget,2026-03-09T18:57:23Z,Budget Checked,Finance
REQ-2026-0027,Review Terms,2026-03-09T19:53:23Z,Terms Reviewed,Legal
REQ-2026-0007,Accept Terms,2026-03-09T21:30:06Z,Terms Agreed,Finance
REQ-2026-0037,Review Terms,2026-03-09T22:20:14Z,Terms Reviewed,Legal
REQ-2026-0039,Check Budget,2026-03-09T23:28:49Z,Budget Checked,Finance
REQ-2026-0041,Check Budget,2026-03-09T23:53:16Z,Budget Checked,Finance
REQ-2026-0033,Query Terms,2026-03-10T00:53:15Z,Terms Queried,Finance
REQ-2026-0037,Raise Purchase Order,2026-03-10T01:14:14Z,Ordered,Procurement
REQ-2026-0030,Revise Terms,2026-03-10T01:38:21Z,Terms Revised,Legal
REQ-2026-0011,Receive Goods,2026-03-10T02:53:00Z,Received,Procurement
REQ-2026-0016,Revise Terms,2026-03-10T03:32:25Z,Terms Revised,Legal
REQ-2026-0007,Raise Purchase Order,2026-03-10T03:37:06Z,Ordered,Procurement
REQ-2026-0008,Accept Terms,2026-03-10T06:24:34Z,Terms Agreed,Finance
REQ-2026-0028,Review Terms,2026-03-10T06:31:30Z,Terms Reviewed,Legal
REQ-2026-0026,Query Terms,2026-03-10T07:54:50Z,Terms Queried,Finance
REQ-2026-0016,Accept Terms,2026-03-10T09:49:25Z,Terms Agreed,Finance
REQ-2026-0008,Raise Purchase Order,2026-03-10T10:05:34Z,Ordered,Procurement
REQ-2026-0042,Raise Requisition,2026-03-10T10:11:38Z,Raised,Procurement
REQ-2026-0011,Close Requisition,2026-03-10T11:12:00Z,Closed,Procurement
REQ-2026-0043,Raise Requisition,2026-03-10T11:27:58Z,Raised,Procurement
REQ-2026-0027,Query Terms,2026-03-10T11:34:23Z,Terms Queried,Finance
REQ-2026-0026,Accept Terms,2026-03-10T11:53:50Z,Terms Agreed,Finance
REQ-2026-0044,Raise Requisition,2026-03-10T11:57:14Z,Raised,Procurement
REQ-2026-0045,Raise Requisition,2026-03-10T12:23:52Z,Raised,Procurement
REQ-2026-0026,Raise Purchase Order,2026-03-10T12:58:50Z,Ordered,Procurement
REQ-2026-0016,Raise Purchase Order,2026-03-10T13:34:25Z,Ordered,Procurement
REQ-2026-0001,Revise Terms,2026-03-10T14:18:17Z,Terms Revised,Legal
REQ-2026-0046,Raise Requisition,2026-03-10T14:18:41Z,Raised,Procurement
REQ-2026-0028,Raise Purchase Order,2026-03-10T14:22:30Z,Ordered,Procurement
REQ-2026-0020,Revise Terms,2026-03-10T15:02:29Z,Terms Revised,Legal
REQ-2026-0047,Raise Requisition,2026-03-10T15:46:38Z,Raised,Procurement
REQ-2026-0030,Accept Terms,2026-03-10T16:41:21Z,Terms Agreed,Finance
REQ-2026-0045,Check Budget,2026-03-10T17:01:52Z,Budget Checked,Finance
REQ-2026-0014,Receive Goods,2026-03-10T17:47:44Z,Received,Procurement
REQ-2026-0030,Raise Purchase Order,2026-03-10T18:08:21Z,Ordered,Procurement
REQ-2026-0024,Revise Terms,2026-03-10T18:31:46Z,Terms Revised,Legal
REQ-2026-0047,Check Budget,2026-03-10T19:07:38Z,Budget Checked,Finance
REQ-2026-0042,Check Budget,2026-03-10T19:48:38Z,Budget Checked,Finance
REQ-2026-0044,Check Budget,2026-03-10T20:22:14Z,Budget Checked,Finance
REQ-2026-0043,Check Budget,2026-03-10T21:15:58Z,Budget Checked,Finance
REQ-2026-0034,Review Terms,2026-03-10T23:04:14Z,Terms Reviewed,Legal
REQ-2026-0014,Close Requisition,2026-03-10T23:34:44Z,Closed,Procurement
REQ-2026-0046,Check Budget,2026-03-11T00:09:41Z,Budget Checked,Finance
REQ-2026-0024,Accept Terms,2026-03-11T02:51:46Z,Terms Agreed,Finance
REQ-2026-0034,Raise Purchase Order,2026-03-11T05:03:14Z,Ordered,Procurement
REQ-2026-0001,Accept Terms,2026-03-11T07:15:17Z,Terms Agreed,Finance
REQ-2026-0020,Accept Terms,2026-03-11T07:48:29Z,Terms Agreed,Finance
REQ-2026-0001,Raise Purchase Order,2026-03-11T09:08:17Z,Ordered,Procurement
REQ-2026-0033,Revise Terms,2026-03-11T09:45:15Z,Terms Revised,Legal
REQ-2026-0048,Raise Requisition,2026-03-11T10:00:33Z,Raised,Procurement
REQ-2026-0024,Raise Purchase Order,2026-03-11T10:39:46Z,Ordered,Procurement
REQ-2026-0049,Raise Requisition,2026-03-11T10:52:50Z,Raised,Procurement
REQ-2026-0050,Raise Requisition,2026-03-11T11:04:04Z,Raised,Procurement
REQ-2026-0051,Raise Requisition,2026-03-11T12:00:13Z,Raised,Procurement
REQ-2026-0049,Check Budget,2026-03-11T13:26:50Z,Budget Checked,Finance
REQ-2026-0021,Receive Goods,2026-03-11T15:01:42Z,Received,Procurement
REQ-2026-0020,Raise Purchase Order,2026-03-11T16:15:29Z,Ordered,Procurement
REQ-2026-0005,Revise Terms,2026-03-11T16:21:13Z,Terms Revised,Legal
REQ-2026-0052,Raise Requisition,2026-03-11T16:29:12Z,Raised,Procurement
REQ-2026-0053,Raise Requisition,2026-03-11T16:49:41Z,Raised,Procurement
REQ-2026-0053,Check Budget,2026-03-11T18:52:41Z,Budget Checked,Finance
REQ-2026-0048,Check Budget,2026-03-11T19:03:33Z,Budget Checked,Finance
REQ-2026-0050,Check Budget,2026-03-11T19:41:04Z,Budget Checked,Finance
REQ-2026-0046,Reject Requisition,2026-03-11T20:42:41Z,Rejected,Finance
REQ-2026-0033,Accept Terms,2026-03-11T21:11:15Z,Terms Agreed,Finance
REQ-2026-0051,Check Budget,2026-03-11T22:54:13Z,Budget Checked,Finance
REQ-2026-0027,Revise Terms,2026-03-12T01:14:23Z,Terms Revised,Legal
REQ-2026-0021,Close Requisition,2026-03-12T01:24:42Z,Closed,Procurement
REQ-2026-0052,Check Budget,2026-03-12T02:04:12Z,Budget Checked,Finance
REQ-2026-0033,Raise Purchase Order,2026-03-12T04:35:15Z,Ordered,Procurement
REQ-2026-0022,Receive Goods,2026-03-12T04:54:49Z,Received,Procurement
REQ-2026-0009,Receive Goods,2026-03-12T05:35:49Z,Received,Procurement
REQ-2026-0005,Accept Terms,2026-03-12T06:50:13Z,Terms Agreed,Finance
REQ-2026-0017,Revise Terms,2026-03-12T07:07:40Z,Terms Revised,Legal
REQ-2026-0027,Accept Terms,2026-03-12T07:43:23Z,Terms Agreed,Finance
REQ-2026-0054,Raise Requisition,2026-03-12T08:11:59Z,Raised,Procurement
REQ-2026-0006,Receive Goods,2026-03-12T08:28:12Z,Received,Procurement
REQ-2026-0055,Raise Requisition,2026-03-12T08:51:45Z,Raised,Procurement
REQ-2026-0009,Close Requisition,2026-03-12T09:36:49Z,Closed,Procurement
REQ-2026-0005,Raise Purchase Order,2026-03-12T10:08:13Z,Ordered,Procurement
REQ-2026-0038,Review Terms,2026-03-12T10:09:19Z,Terms Reviewed,Legal
REQ-2026-0056,Raise Requisition,2026-03-12T10:14:29Z,Raised,Procurement
REQ-2026-0022,Close Requisition,2026-03-12T10:35:49Z,Closed,Procurement
REQ-2026-0055,Check Budget,2026-03-12T11:14:45Z,Budget Checked,Finance
REQ-2026-0049,Reject Requisition,2026-03-12T11:23:50Z,Rejected,Finance
REQ-2026-0006,Close Requisition,2026-03-12T11:48:12Z,Closed,Procurement
REQ-2026-0047,Review Terms,2026-03-12T12:07:38Z,Terms Reviewed,Legal
REQ-2026-0027,Raise Purchase Order,2026-03-12T12:49:23Z,Ordered,Procurement
REQ-2026-0057,Raise Requisition,2026-03-12T13:19:25Z,Raised,Procurement
REQ-2026-0017,Accept Terms,2026-03-12T13:23:40Z,Terms Agreed,Finance
REQ-2026-0002,Receive Goods,2026-03-12T13:50:20Z,Received,Procurement
REQ-2026-0056,Check Budget,2026-03-12T13:53:29Z,Budget Checked,Finance
REQ-2026-0056,Reject Requisition,2026-03-12T15:54:29Z,Rejected,Finance
REQ-2026-0054,Check Budget,2026-03-12T16:08:59Z,Budget Checked,Finance
REQ-2026-0042,Review Terms,2026-03-12T17:05:38Z,Terms Reviewed,Legal
REQ-2026-0017,Raise Purchase Order,2026-03-12T18:03:40Z,Ordered,Procurement
REQ-2026-0041,Review Terms,2026-03-12T18:17:16Z,Terms Reviewed,Legal
REQ-2026-0047,Raise Purchase Order,2026-03-12T18:36:38Z,Ordered,Procurement
REQ-2026-0038,Query Terms,2026-03-12T18:40:19Z,Terms Queried,Finance
REQ-2026-0057,Check Budget,2026-03-12T21:38:25Z,Budget Checked,Finance
REQ-2026-0002,Close Requisition,2026-03-13T01:46:20Z,Closed,Procurement
REQ-2026-0013,Receive Goods,2026-03-13T01:50:03Z,Received,Procurement
REQ-2026-0030,Receive Goods,2026-03-13T02:39:21Z,Received,Procurement
REQ-2026-0013,Close Requisition,2026-03-13T03:04:03Z,Closed,Procurement
REQ-2026-0051,Review Terms,2026-03-13T05:32:13Z,Terms Reviewed,Legal
REQ-2026-0042,Query Terms,2026-03-13T09:14:38Z,Terms Queried,Finance
REQ-2026-0058,Raise Requisition,2026-03-13T09:27:40Z,Raised,Procurement
REQ-2026-0059,Raise Requisition,2026-03-13T10:36:42Z,Raised,Procurement
REQ-2026-0060,Raise Requisition,2026-03-13T11:40:34Z,Raised,Procurement
REQ-2026-0024,Receive Goods,2026-03-13T11:48:46Z,Received,Procurement
REQ-2026-0041,Query Terms,2026-03-13T11:49:16Z,Terms Queried,Finance
REQ-2026-0015,Receive Goods,2026-03-13T11:57:22Z,Received,Procurement
REQ-2026-0061,Raise Requisition,2026-03-13T12:30:31Z,Raised,Procurement
REQ-2026-0062,Raise Requisition,2026-03-13T12:31:56Z,Raised,Procurement
REQ-2026-0063,Raise Requisition,2026-03-13T12:34:43Z,Raised,Procurement
REQ-2026-0042,Accept Terms,2026-03-13T13:10:38Z,Terms Agreed,Finance
REQ-2026-0030,Close Requisition,2026-03-13T13:49:21Z,Closed,Procurement
REQ-2026-0064,Raise Requisition,2026-03-13T13:50:44Z,Raised,Procurement
REQ-2026-0040,Review Terms,2026-03-13T13:57:23Z,Terms Reviewed,Legal
REQ-2026-0065,Raise Requisition,2026-03-13T13:58:40Z,Raised,Procurement
REQ-2026-0015,Close Requisition,2026-03-13T14:11:22Z,Closed,Procurement
REQ-2026-0060,Check Budget,2026-03-13T14:33:34Z,Budget Checked,Finance
REQ-2026-0066,Raise Requisition,2026-03-13T14:52:01Z,Raised,Procurement
REQ-2026-0040,Raise Purchase Order,2026-03-13T15:21:23Z,Ordered,Procurement
REQ-2026-0024,Close Requisition,2026-03-13T16:44:46Z,Closed,Procurement
REQ-2026-0054,Review Terms,2026-03-13T19:14:59Z,Terms Reviewed,Legal
REQ-2026-0059,Check Budget,2026-03-13T19:37:42Z,Budget Checked,Finance
REQ-2026-0065,Check Budget,2026-03-13T20:11:40Z,Budget Checked,Finance
REQ-2026-0058,Check Budget,2026-03-13T20:30:40Z,Budget Checked,Finance
REQ-2026-0051,Query Terms,2026-03-13T20:43:13Z,Terms Queried,Finance
REQ-2026-0042,Raise Purchase Order,2026-03-13T20:56:38Z,Ordered,Procurement
REQ-2026-0063,Check Budget,2026-03-13T21:01:43Z,Budget Checked,Finance
REQ-2026-0064,Check Budget,2026-03-13T22:09:44Z,Budget Checked,Finance
REQ-2026-0062,Check Budget,2026-03-13T22:48:56Z,Budget Checked,Finance
REQ-2026-0061,Check Budget,2026-03-13T22:49:31Z,Budget Checked,Finance
REQ-2026-0029,Receive Goods,2026-03-13T22:57:25Z,Received,Procurement
REQ-2026-0039,Review Terms,2026-03-14T00:17:49Z,Terms Reviewed,Legal
REQ-2026-0044,Review Terms,2026-03-14T00:34:14Z,Terms Reviewed,Legal
REQ-2026-0029,Close Requisition,2026-03-14T00:53:25Z,Closed,Procurement
REQ-2026-0054,Raise Purchase Order,2026-03-14T01:23:59Z,Ordered,Procurement
REQ-2026-0016,Receive Goods,2026-03-14T01:47:25Z,Received,Procurement
REQ-2026-0066,Check Budget,2026-03-14T03:27:01Z,Budget Checked,Finance
REQ-2026-0004,Receive Goods,2026-03-14T03:51:17Z,Received,Procurement
REQ-2026-0057,Review Terms,2026-03-14T07:28:25Z,Terms Reviewed,Legal
REQ-2026-0048,Review Terms,2026-03-14T08:14:33Z,Terms Reviewed,Legal
REQ-2026-0008,Receive Goods,2026-03-14T08:27:34Z,Received,Procurement
REQ-2026-0051,Accept Terms,2026-03-14T09:22:13Z,Terms Agreed,Finance
REQ-2026-0004,Close Requisition,2026-03-14T09:51:17Z,Closed,Procurement
REQ-2026-0001,Receive Goods,2026-03-14T10:05:17Z,Received,Procurement
REQ-2026-0053,Review Terms,2026-03-14T10:25:41Z,Terms Reviewed,Legal
REQ-2026-0048,Raise Purchase Order,2026-03-14T10:43:33Z,Ordered,Procurement
REQ-2026-0008,Close Requisition,2026-03-14T11:01:34Z,Closed,Procurement
REQ-2026-0053,Raise Purchase Order,2026-03-14T12:11:41Z,Ordered,Procurement
REQ-2026-0057,Raise Purchase Order,2026-03-14T12:24:25Z,Ordered,Procurement
REQ-2026-0044,Query Terms,2026-03-14T12:59:14Z,Terms Queried,Finance
REQ-2026-0016,Close Requisition,2026-03-14T13:13:25Z,Closed,Procurement
REQ-2026-0055,Review Terms,2026-03-14T13:17:45Z,Terms Reviewed,Legal
REQ-2026-0051,Raise Purchase Order,2026-03-14T13:19:13Z,Ordered,Procurement
REQ-2026-0010,Receive Goods,2026-03-14T14:28:29Z,Received,Procurement
REQ-2026-0010,Close Requisition,2026-03-14T17:32:29Z,Closed,Procurement
REQ-2026-0055,Query Terms,2026-03-14T17:56:45Z,Terms Queried,Finance
REQ-2026-0052,Review Terms,2026-03-14T19:47:12Z,Terms Reviewed,Legal
REQ-2026-0055,Accept Terms,2026-03-14T22:03:45Z,Terms Agreed,Finance
REQ-2026-0001,Close Requisition,2026-03-14T22:56:17Z,Closed,Procurement
REQ-2026-0007,Receive Goods,2026-03-14T23:04:06Z,Received,Procurement
REQ-2026-0039,Query Terms,2026-03-15T00:11:49Z,Terms Queried,Finance
REQ-2026-0052,Raise Purchase Order,2026-03-15T00:56:12Z,Ordered,Procurement
REQ-2026-0055,Raise Purchase Order,2026-03-15T05:52:45Z,Ordered,Procurement
REQ-2026-0061,Review Terms,2026-03-15T06:39:31Z,Terms Reviewed,Legal
REQ-2026-0018,Receive Goods,2026-03-15T08:03:16Z,Received,Procurement
REQ-2026-0007,Close Requisition,2026-03-15T08:46:06Z,Closed,Procurement
REQ-2026-0033,Receive Goods,2026-03-15T09:21:15Z,Received,Procurement
REQ-2026-0041,Revise Terms,2026-03-15T09:31:16Z,Terms Revised,Legal
REQ-2026-0045,Review Terms,2026-03-15T10:34:52Z,Terms Reviewed,Legal
REQ-2026-0033,Close Requisition,2026-03-15T10:59:15Z,Closed,Procurement
REQ-2026-0043,Review Terms,2026-03-15T11:38:58Z,Terms Reviewed,Legal
REQ-2026-0043,Raise Purchase Order,2026-03-15T13:33:58Z,Ordered,Procurement
REQ-2026-0061,Query Terms,2026-03-15T14:03:31Z,Terms Queried,Finance
REQ-2026-0018,Close Requisition,2026-03-15T15:28:16Z,Closed,Procurement
REQ-2026-0031,Receive Goods,2026-03-15T15:56:18Z,Received,Procurement
REQ-2026-0041,Accept Terms,2026-03-15T16:46:16Z,Terms Agreed,Finance
REQ-2026-0045,Raise Purchase Order,2026-03-15T17:53:52Z,Ordered,Procurement
REQ-2026-0037,Receive Goods,2026-03-15T20:47:14Z,Received,Procurement
REQ-2026-0041,Raise Purchase Order,2026-03-15T21:33:16Z,Ordered,Procurement
REQ-2026-0031,Close Requisition,2026-03-15T22:48:18Z,Closed,Procurement
REQ-2026-0050,Review Terms,2026-03-15T23:03:04Z,Terms Reviewed,Legal
REQ-2026-0050,Raise Purchase Order,2026-03-16T02:39:04Z,Ordered,Procurement
REQ-2026-0060,Review Terms,2026-03-16T05:09:34Z,Terms Reviewed,Legal
REQ-2026-0037,Close Requisition,2026-03-16T09:37:14Z,Closed,Procurement
REQ-2026-0060,Raise Purchase Order,2026-03-16T10:53:34Z,Ordered,Procurement
REQ-2026-0067,Raise Requisition,2026-03-16T11:09:30Z,Raised,Procurement
REQ-2026-0068,Raise Requisition,2026-03-16T11:36:48Z,Raised,Procurement
REQ-2026-0069,Raise Requisition,2026-03-16T12:12:22Z,Raised,Procurement
REQ-2026-0070,Raise Requisition,2026-03-16T12:53:24Z,Raised,Procurement
REQ-2026-0036,Receive Goods,2026-03-16T13:32:49Z,Received,Procurement
REQ-2026-0071,Raise Requisition,2026-03-16T13:54:33Z,Raised,Procurement
REQ-2026-0072,Raise Requisition,2026-03-16T15:46:38Z,Raised,Procurement
REQ-2026-0067,Check Budget,2026-03-16T16:04:30Z,Budget Checked,Finance
REQ-2026-0017,Receive Goods,2026-03-16T17:33:40Z,Received,Procurement
REQ-2026-0017,Close Requisition,2026-03-16T18:39:40Z,Closed,Procurement
REQ-2026-0038,Revise Terms,2026-03-16T18:46:19Z,Terms Revised,Legal
REQ-2026-0068,Check Budget,2026-03-16T20:37:48Z,Budget Checked,Finance
REQ-2026-0023,Receive Goods,2026-03-16T20:48:59Z,Received,Procurement
REQ-2026-0069,Check Budget,2026-03-17T00:05:22Z,Budget Checked,Finance
REQ-2026-0071,Check Budget,2026-03-17T00:50:33Z,Budget Checked,Finance
REQ-2026-0070,Check Budget,2026-03-17T01:29:24Z,Budget Checked,Finance
REQ-2026-0036,Close Requisition,2026-03-17T02:14:49Z,Closed,Procurement
REQ-2026-0072,Check Budget,2026-03-17T03:19:38Z,Budget Checked,Finance
REQ-2026-0039,Revise Terms,2026-03-17T06:32:49Z,Terms Revised,Legal
REQ-2026-0025,Receive Goods,2026-03-17T06:41:13Z,Received,Procurement
REQ-2026-0062,Review Terms,2026-03-17T07:29:56Z,Terms Reviewed,Legal
REQ-2026-0073,Raise Requisition,2026-03-17T08:11:43Z,Raised,Procurement
REQ-2026-0074,Raise Requisition,2026-03-17T08:42:40Z,Raised,Procurement
REQ-2026-0023,Close Requisition,2026-03-17T08:43:59Z,Closed,Procurement
REQ-2026-0059,Review Terms,2026-03-17T09:10:42Z,Terms Reviewed,Legal
REQ-2026-0075,Raise Requisition,2026-03-17T09:35:36Z,Raised,Procurement
REQ-2026-0076,Raise Requisition,2026-03-17T09:41:00Z,Raised,Procurement
REQ-2026-0077,Raise Requisition,2026-03-17T10:14:08Z,Raised,Procurement
REQ-2026-0078,Raise Requisition,2026-03-17T10:19:08Z,Raised,Procurement
REQ-2026-0079,Raise Requisition,2026-03-17T11:07:30Z,Raised,Procurement
REQ-2026-0038,Accept Terms,2026-03-17T11:09:19Z,Terms Agreed,Finance
REQ-2026-0044,Revise Terms,2026-03-17T11:14:14Z,Terms Revised,Legal
REQ-2026-0080,Raise Requisition,2026-03-17T11:27:08Z,Raised,Procurement
REQ-2026-0065,Review Terms,2026-03-17T11:56:40Z,Terms Reviewed,Legal
REQ-2026-0062,Raise Purchase Order,2026-03-17T12:15:56Z,Ordered,Procurement
REQ-2026-0081,Raise Requisition,2026-03-17T12:20:15Z,Raised,Procurement
REQ-2026-0082,Raise Requisition,2026-03-17T12:23:10Z,Raised,Procurement
REQ-2026-0083,Raise Requisition,2026-03-17T12:24:00Z,Raised,Procurement
REQ-2026-0039,Accept Terms,2026-03-17T12:27:49Z,Terms Agreed,Finance
REQ-2026-0073,Check Budget,2026-03-17T12:37:43Z,Budget Checked,Finance
REQ-2026-0003,Receive Goods,2026-03-17T12:52:24Z,Received,Procurement
REQ-2026-0020,Receive Goods,2026-03-17T13:03:29Z,Received,Procurement
REQ-2026-0084,Raise Requisition,2026-03-17T13:03:42Z,Raised,Procurement
REQ-2026-0077,Check Budget,2026-03-17T13:08:08Z,Budget Checked,Finance
REQ-2026-0085,Raise Requisition,2026-03-17T13:35:43Z,Raised,Procurement
REQ-2026-0059,Raise Purchase Order,2026-03-17T13:39:42Z,Ordered,Procurement
REQ-2026-0074,Check Budget,2026-03-17T13:53:40Z,Budget Checked,Finance
REQ-2026-0086,Raise Requisition,2026-03-17T14:46:09Z,Raised,Procurement
REQ-2026-0087,Raise Requisition,2026-03-17T15:21:53Z,Raised,Procurement
REQ-2026-0082,Check Budget,2026-03-17T15:51:10Z,Budget Checked,Finance
REQ-2026-0020,Close Requisition,2026-03-17T16:04:29Z,Closed,Procurement
REQ-2026-0088,Raise Requisition,2026-03-17T16:05:21Z,Raised,Procurement
REQ-2026-0083,Check Budget,2026-03-17T16:06:00Z,Budget Checked,Finance
REQ-2026-0076,Check Budget,2026-03-17T16:07:00Z,Budget Checked,Finance
REQ-2026-0061,Revise Terms,2026-03-17T17:28:31Z,Terms Revised,Legal
REQ-2026-0038,Raise Purchase Order,2026-03-17T17:29:19Z,Ordered,Procurement
REQ-2026-0048,Receive Goods,2026-03-17T17:31:33Z,Received,Procurement
REQ-2026-0039,Raise Purchase Order,2026-03-17T17:34:49Z,Ordered,Procurement
REQ-2026-0078,Check Budget,2026-03-17T17:43:08Z,Budget Checked,Finance
REQ-2026-0025,Close Requisition,2026-03-17T18:11:13Z,Closed,Procurement
REQ-2026-0079,Check Budget,2026-03-17T18:12:30Z,Budget Checked,Finance
REQ-2026-0087,Check Budget,2026-03-17T18:24:53Z,Budget Checked,Finance
REQ-2026-0081,Check Budget,2026-03-17T18:34:15Z,Budget Checked,Finance
REQ-2026-0084,Check Budget,2026-03-17T18:50:42Z,Budget Checked,Finance
REQ-2026-0075,Check Budget,2026-03-17T19:02:36Z,Budget Checked,Finance
REQ-2026-0042,Receive Goods,2026-03-17T19:23:38Z,Received,Procurement
REQ-2026-0003,Close Requisition,2026-03-17T20:44:24Z,Closed,Procurement
REQ-2026-0086,Check Budget,2026-03-17T21:40:09Z,Budget Checked,Finance
REQ-2026-0019,Receive Goods,2026-03-17T22:08:20Z,Received,Procurement
REQ-2026-0080,Check Budget,2026-03-17T23:01:08Z,Budget Checked,Finance
REQ-2026-0044,Accept Terms,2026-03-17T23:02:14Z,Terms Agreed,Finance
REQ-2026-0066,Review Terms,2026-03-18T01:50:01Z,Terms Reviewed,Legal
REQ-2026-0044,Raise Purchase Order,2026-03-18T01:52:14Z,Ordered,Procurement
REQ-2026-0068,Review Terms,2026-03-18T02:02:48Z,Terms Reviewed,Legal
REQ-2026-0085,Check Budget,2026-03-18T02:08:43Z,Budget Checked,Finance
REQ-2026-0088,Check Budget,2026-03-18T02:34:21Z,Budget Checked,Finance
REQ-2026-0048,Close Requisition,2026-03-18T04:39:33Z,Closed,Procurement
REQ-2026-0068,Raise Purchase Order,2026-03-18T05:51:48Z,Ordered,Procurement
REQ-2026-0042,Close Requisition,2026-03-18T06:21:38Z,Closed,Procurement
REQ-2026-0065,Reject Requisition,2026-03-18T06:27:40Z,Rejected,Finance
REQ-2026-0066,Raise Purchase Order,2026-03-18T07:09:01Z,Ordered,Procurement
REQ-2026-0040,Receive Goods,2026-03-18T07:30:23Z,Received,Procurement
REQ-2026-0083,Reject Requisition,2026-03-18T08:17:00Z,Rejected,Finance
REQ-2026-0027,Receive Goods,2026-03-18T08:20:23Z,Received,Procurement
REQ-2026-0089,Raise Requisition,2026-03-18T08:56:11Z,Raised,Procurement
REQ-2026-0090,Raise Requisition,2026-03-18T09:01:38Z,Raised,Procurement
REQ-2026-0061,Accept Terms,2026-03-18T09:26:31Z,Terms Agreed,Finance
REQ-2026-0091,Raise Requisition,2026-03-18T09:30:48Z,Raised,Procurement
REQ-2026-0019,Close Requisition,2026-03-18T10:08:20Z,Closed,Procurement
REQ-2026-0060,Receive Goods,2026-03-18T11:03:34Z,Received,Procurement
REQ-2026-0012,Receive Goods,2026-03-18T11:07:53Z,Received,Procurement
REQ-2026-0058,Review Terms,2026-03-18T11:13:40Z,Terms Reviewed,Legal
REQ-2026-0027,Close Requisition,2026-03-18T11:56:23Z,Closed,Procurement
REQ-2026-0092,Raise Requisition,2026-03-18T13:32:02Z,Raised,Procurement
REQ-2026-0061,Raise Purchase Order,2026-03-18T13:44:31Z,Ordered,Procurement
REQ-2026-0093,Raise Requisition,2026-03-18T15:04:08Z,Raised,Procurement
REQ-2026-0063,Review Terms,2026-03-18T15:33:43Z,Terms Reviewed,Legal
REQ-2026-0091,Check Budget,2026-03-18T17:24:48Z,Budget Checked,Finance
REQ-2026-0090,Check Budget,2026-03-18T18:26:38Z,Budget Checked,Finance
REQ-2026-0040,Close Requisition,2026-03-18T19:48:23Z,Closed,Procurement
REQ-2026-0055,Receive Goods,2026-03-18T20:14:45Z,Received,Procurement
REQ-2026-0064,Review Terms,2026-03-18T20:15:44Z,Terms Reviewed,Legal
REQ-2026-0060,Close Requisition,2026-03-18T20:27:34Z,Closed,Procurement
REQ-2026-0089,Check Budget,2026-03-18T21:01:11Z,Budget Checked,Finance
REQ-2026-0093,Check Budget,2026-03-18T21:59:08Z,Budget Checked,Finance
REQ-2026-0084,Review Terms,2026-03-18T22:20:42Z,Terms Reviewed,Legal
REQ-2026-0012,Close Requisition,2026-03-18T23:11:53Z,Closed,Procurement
REQ-2026-0063,Raise Purchase Order,2026-03-18T23:19:43Z,Ordered,Procurement
REQ-2026-0081,Review Terms,2026-03-18T23:33:15Z,Terms Reviewed,Legal
REQ-2026-0092,Check Budget,2026-03-18T23:52:02Z,Budget Checked,Finance
REQ-2026-0058,Query Terms,2026-03-19T01:04:40Z,Terms Queried,Finance
REQ-2026-0047,Receive Goods,2026-03-19T02:16:38Z,Received,Procurement
REQ-2026-0064,Raise Purchase Order,2026-03-19T02:33:44Z,Ordered,Procurement
REQ-2026-0076,Review Terms,2026-03-19T04:12:00Z,Terms Reviewed,Legal
REQ-2026-0081,Raise Purchase Order,2026-03-19T05:02:15Z,Ordered,Procurement
REQ-2026-0085,Review Terms,2026-03-19T06:00:43Z,Terms Reviewed,Legal
REQ-2026-0047,Close Requisition,2026-03-19T07:50:38Z,Closed,Procurement
REQ-2026-0084,Query Terms,2026-03-19T08:50:42Z,Terms Queried,Finance
REQ-2026-0055,Close Requisition,2026-03-19T08:59:45Z,Closed,Procurement
REQ-2026-0005,Receive Goods,2026-03-19T09:02:13Z,Received,Procurement
REQ-2026-0085,Raise Purchase Order,2026-03-19T09:16:43Z,Ordered,Procurement
REQ-2026-0069,Review Terms,2026-03-19T10:08:22Z,Terms Reviewed,Legal
REQ-2026-0094,Raise Requisition,2026-03-19T11:14:13Z,Raised,Procurement
REQ-2026-0005,Close Requisition,2026-03-19T11:30:13Z,Closed,Procurement
REQ-2026-0095,Raise Requisition,2026-03-19T12:53:25Z,Raised,Procurement
REQ-2026-0028,Receive Goods,2026-03-19T13:03:30Z,Received,Procurement
REQ-2026-0058,Accept Terms,2026-03-19T13:39:40Z,Terms Agreed,Finance
REQ-2026-0076,Query Terms,2026-03-19T13:41:00Z,Terms Queried,Finance
REQ-2026-0070,Review Terms,2026-03-19T14:38:24Z,Terms Reviewed,Legal
REQ-2026-0026,Receive Goods,2026-03-19T14:42:50Z,Received,Procurement
REQ-2026-0096,Raise Requisition,2026-03-19T15:59:14Z,Raised,Procurement
REQ-2026-0058,Raise Purchase Order,2026-03-19T16:21:40Z,Ordered,Procurement
REQ-2026-0097,Raise Requisition,2026-03-19T16:41:41Z,Raised,Procurement
REQ-2026-0082,Review Terms,2026-03-19T16:43:10Z,Terms Reviewed,Legal
REQ-2026-0095,Check Budget,2026-03-19T18:41:25Z,Budget Checked,Finance
REQ-2026-0094,Check Budget,2026-03-19T19:50:13Z,Budget Checked,Finance
REQ-2026-0026,Close Requisition,2026-03-19T20:44:50Z,Closed,Procurement
REQ-2026-0082,Raise Purchase Order,2026-03-19T20:57:10Z,Ordered,Procurement
REQ-2026-0072,Review Terms,2026-03-19T21:14:38Z,Terms Reviewed,Legal
REQ-2026-0084,Accept Terms,2026-03-19T21:20:42Z,Terms Agreed,Finance
REQ-2026-0097,Check Budget,2026-03-19T23:33:41Z,Budget Checked,Finance
REQ-2026-0041,Receive Goods,2026-03-19T23:50:16Z,Received,Procurement
REQ-2026-0096,Check Budget,2026-03-20T00:04:14Z,Budget Checked,Finance
REQ-2026-0028,Close Requisition,2026-03-20T00:57:30Z,Closed,Procurement
REQ-2026-0070,Reject Requisition,2026-03-20T03:29:24Z,Rejected,Finance
REQ-2026-0072,Raise Purchase Order,2026-03-20T05:02:38Z,Ordered,Procurement
REQ-2026-0084,Raise Purchase Order,2026-03-20T05:06:42Z,Ordered,Procurement
REQ-2026-0079,Review Terms,2026-03-20T05:34:30Z,Terms Reviewed,Legal
REQ-2026-0069,Query Terms,2026-03-20T06:29:22Z,Terms Queried,Finance
REQ-2026-0078,Review Terms,2026-03-20T07:00:08Z,Terms Reviewed,Legal
REQ-2026-0052,Receive Goods,2026-03-20T07:14:12Z,Received,Procurement
REQ-2026-0074,Review Terms,2026-03-20T07:16:40Z,Terms Reviewed,Legal
REQ-2026-0098,Raise Requisition,2026-03-20T09:28:17Z,Raised,Procurement
REQ-2026-0034,Receive Goods,2026-03-20T09:49:14Z,Received,Procurement
REQ-2026-0099,Raise Requisition,2026-03-20T10:05:48Z,Raised,Procurement
REQ-2026-0041,Close Requisition,2026-03-20T10:45:16Z,Closed,Procurement
REQ-2026-0100,Raise Requisition,2026-03-20T10:50:39Z,Raised,Procurement
REQ-2026-0079,Raise Purchase Order,2026-03-20T12:12:30Z,Ordered,Procurement
REQ-2026-0052,Close Requisition,2026-03-20T12:48:12Z,Closed,Procurement
REQ-2026-0098,Check Budget,2026-03-20T12:55:17Z,Budget Checked,Finance
REQ-2026-0078,Raise Purchase Order,2026-03-20T13:03:08Z,Ordered,Procurement
REQ-2026-0100,Check Budget,2026-03-20T14:17:39Z,Budget Checked,Finance
REQ-2026-0038,Receive Goods,2026-03-20T14:55:19Z,Received,Procurement
REQ-2026-0091,Review Terms,2026-03-20T15:00:48Z,Terms Reviewed,Legal
REQ-2026-0101,Raise Requisition,2026-03-20T15:14:05Z,Raised,Procurement
REQ-2026-0102,Raise Requisition,2026-03-20T15:29:12Z,Raised,Procurement
REQ-2026-0103,Raise Requisition,2026-03-20T15:44:03Z,Raised,Procurement
REQ-2026-0074,Query Terms,2026-03-20T15:45:40Z,Terms Queried,Finance
REQ-2026-0091,Raise Purchase Order,2026-03-20T16:20:48Z,Ordered,Procurement
REQ-2026-0104,Raise Requisition,2026-03-20T16:30:20Z,Raised,Procurement
REQ-2026-0099,Check Budget,2026-03-20T17:24:48Z,Budget Checked,Finance
REQ-2026-0066,Receive Goods,2026-03-20T17:30:01Z,Received,Procurement
REQ-2026-0087,Review Terms,2026-03-20T18:01:53Z,Terms Reviewed,Legal
REQ-2026-0087,Raise Purchase Order,2026-03-20T19:28:53Z,Ordered,Procurement
REQ-2026-0066,Close Requisition,2026-03-20T19:30:01Z,Closed,Procurement
REQ-2026-0069,Accept Terms,2026-03-20T19:36:22Z,Terms Agreed,Finance
REQ-2026-0034,Close Requisition,2026-03-20T19:50:14Z,Closed,Procurement
REQ-2026-0102,Check Budget,2026-03-20T20:40:12Z,Budget Checked,Finance
REQ-2026-0038,Close Requisition,2026-03-20T21:35:19Z,Closed,Procurement
REQ-2026-0101,Check Budget,2026-03-20T22:08:05Z,Budget Checked,Finance
REQ-2026-0074,Accept Terms,2026-03-20T22:12:40Z,Terms Agreed,Finance
REQ-2026-0074,Raise Purchase Order,2026-03-20T23:35:40Z,Ordered,Procurement
REQ-2026-0069,Raise Purchase Order,2026-03-21T00:42:22Z,Ordered,Procurement
REQ-2026-0103,Check Budget,2026-03-21T00:48:03Z,Budget Checked,Finance
REQ-2026-0067,Review Terms,2026-03-21T01:55:30Z,Terms Reviewed,Legal
REQ-2026-0075,Review Terms,2026-03-21T02:21:36Z,Terms Reviewed,Legal
REQ-2026-0104,Check Budget,2026-03-21T02:32:20Z,Budget Checked,Finance
REQ-2026-0067,Raise Purchase Order,2026-03-21T03:21:30Z,Ordered,Procurement
REQ-2026-0054,Receive Goods,2026-03-21T04:37:59Z,Received,Procurement
REQ-2026-0076,Revise Terms,2026-03-21T05:52:00Z,Terms Revised,Legal
REQ-2026-0068,Receive Goods,2026-03-21T06:05:48Z,Received,Procurement
REQ-2026-0088,Review Terms,2026-03-21T06:53:21Z,Terms Reviewed,Legal
REQ-2026-0088,Raise Purchase Order,2026-03-21T09:19:21Z,Ordered,Procurement
REQ-2026-0075,Raise Purchase Order,2026-03-21T09:42:36Z,Ordered,Procurement
REQ-2026-0068,Close Requisition,2026-03-21T14:29:48Z,Closed,Procurement
REQ-2026-0071,Review Terms,2026-03-21T16:12:33Z,Terms Reviewed,Legal
REQ-2026-0077,Review Terms,2026-03-21T16:50:08Z,Terms Reviewed,Legal
REQ-2026-0096,Review Terms,2026-03-21T16:57:14Z,Terms Reviewed,Legal
REQ-2026-0071,Raise Purchase Order,2026-03-21T17:19:33Z,Ordered,Procurement
REQ-2026-0054,Close Requisition,2026-03-21T17:25:59Z,Closed,Procurement
REQ-2026-0096,Raise Purchase Order,2026-03-21T20:17:14Z,Ordered,Procurement
REQ-2026-0076,Accept Terms,2026-03-21T21:12:00Z,Terms Agreed,Finance
REQ-2026-0077,Reject Requisition,2026-03-21T23:41:08Z,Rejected,Finance
REQ-2026-0093,Review Terms,2026-03-22T02:22:08Z,Terms Reviewed,Legal
REQ-2026-0076,Raise Purchase Order,2026-03-22T05:18:00Z,Ordered,Procurement
REQ-2026-0089,Review Terms,2026-03-22T05:25:11Z,Terms Reviewed,Legal
REQ-2026-0080,Review Terms,2026-03-22T08:09:08Z,Terms Reviewed,Legal
REQ-2026-0093,Raise Purchase Order,2026-03-22T09:03:08Z,Ordered,Procurement
REQ-2026-0073,Review Terms,2026-03-22T09:52:43Z,Terms Reviewed,Legal
REQ-2026-0073,Raise Purchase Order,2026-03-22T11:37:43Z,Ordered,Procurement
REQ-2026-0100,Review Terms,2026-03-22T12:44:39Z,Terms Reviewed,Legal
REQ-2026-0080,Raise Purchase Order,2026-03-22T13:26:08Z,Ordered,Procurement
REQ-2026-0089,Raise Purchase Order,2026-03-22T13:34:11Z,Ordered,Procurement
REQ-2026-0092,Review Terms,2026-03-22T14:09:02Z,Terms Reviewed,Legal
REQ-2026-0092,Raise Purchase Order,2026-03-22T15:27:02Z,Ordered,Procurement
REQ-2026-0100,Raise Purchase Order,2026-03-22T16:06:39Z,Ordered,Procurement
REQ-2026-0086,Review Terms,2026-03-22T16:38:09Z,Terms Reviewed,Legal
REQ-2026-0098,Review Terms,2026-03-22T17:34:17Z,Terms Reviewed,Legal
REQ-2026-0059,Receive Goods,2026-03-22T18:00:42Z,Received,Procurement
REQ-2026-0043,Receive Goods,2026-03-22T20:42:58Z,Received,Procurement
REQ-2026-0086,Raise Purchase Order,2026-03-22T20:58:09Z,Ordered,Procurement
REQ-2026-0094,Review Terms,2026-03-22T21:41:13Z,Terms Reviewed,Legal
REQ-2026-0094,Raise Purchase Order,2026-03-22T23:24:13Z,Ordered,Procurement
REQ-2026-0057,Receive Goods,2026-03-22T23:26:25Z,Received,Procurement
REQ-2026-0043,Close Requisition,2026-03-23T05:55:58Z,Closed,Procurement
REQ-2026-0059,Close Requisition,2026-03-23T06:35:42Z,Closed,Procurement
REQ-2026-0064,Receive Goods,2026-03-23T07:00:44Z,Received,Procurement
REQ-2026-0057,Close Requisition,2026-03-23T07:10:25Z,Closed,Procurement
REQ-2026-0051,Receive Goods,2026-03-23T07:20:13Z,Received,Procurement
REQ-2026-0069,Receive Goods,2026-03-23T08:18:22Z,Received,Procurement
REQ-2026-0084,Receive Goods,2026-03-23T08:49:42Z,Received,Procurement
REQ-2026-0064,Close Requisition,2026-03-23T08:58:44Z,Closed,Procurement
REQ-2026-0105,Raise Requisition,2026-03-23T09:19:43Z,Raised,Procurement
REQ-2026-0051,Close Requisition,2026-03-23T09:42:13Z,Closed,Procurement
REQ-2026-0069,Close Requisition,2026-03-23T10:36:22Z,Closed,Procurement
REQ-2026-0090,Review Terms,2026-03-23T10:50:38Z,Terms Reviewed,Legal
REQ-2026-0106,Raise Requisition,2026-03-23T11:46:03Z,Raised,Procurement
REQ-2026-0107,Raise Requisition,2026-03-23T11:49:34Z,Raised,Procurement
REQ-2026-0098,Query Terms,2026-03-23T12:17:17Z,Terms Queried,Finance
REQ-2026-0053,Receive Goods,2026-03-23T12:49:41Z,Received,Procurement
REQ-2026-0108,Raise Requisition,2026-03-23T13:40:55Z,Raised,Procurement
REQ-2026-0109,Raise Requisition,2026-03-23T13:43:29Z,Raised,Procurement
REQ-2026-0110,Raise Requisition,2026-03-23T14:00:33Z,Raised,Procurement
REQ-2026-0111,Raise Requisition,2026-03-23T14:26:29Z,Raised,Procurement
REQ-2026-0090,Raise Purchase Order,2026-03-23T14:59:38Z,Ordered,Procurement
REQ-2026-0084,Close Requisition,2026-03-23T15:07:42Z,Closed,Procurement
REQ-2026-0112,Raise Requisition,2026-03-23T15:13:58Z,Raised,Procurement
REQ-2026-0113,Raise Requisition,2026-03-23T15:31:16Z,Raised,Procurement
REQ-2026-0105,Check Budget,2026-03-23T15:53:43Z,Budget Checked,Finance
REQ-2026-0114,Raise Requisition,2026-03-23T16:06:14Z,Raised,Procurement
REQ-2026-0115,Raise Requisition,2026-03-23T16:33:35Z,Raised,Procurement
REQ-2026-0087,Receive Goods,2026-03-23T17:48:53Z,Received,Procurement
REQ-2026-0114,Check Budget,2026-03-23T19:24:14Z,Budget Checked,Finance
REQ-2026-0095,Review Terms,2026-03-23T19:50:25Z,Terms Reviewed,Legal
REQ-2026-0099,Review Terms,2026-03-23T20:05:48Z,Terms Reviewed,Legal
REQ-2026-0109,Check Budget,2026-03-23T22:25:29Z,Budget Checked,Finance
REQ-2026-0053,Close Requisition,2026-03-23T22:40:41Z,Closed,Procurement
REQ-2026-0108,Check Budget,2026-03-23T23:02:55Z,Budget Checked,Finance
REQ-2026-0107,Check Budget,2026-03-23T23:33:34Z,Budget Checked,Finance
REQ-2026-0113,Check Budget,2026-03-23T23:37:16Z,Budget Checked,Finance
REQ-2026-0106,Check Budget,2026-03-24T00:32:03Z,Budget Checked,Finance
REQ-2026-0110,Check Budget,2026-03-24T00:54:33Z,Budget Checked,Finance
REQ-2026-0098,Accept Terms,2026-03-24T02:10:17Z,Terms Agreed,Finance
REQ-2026-0111,Check Budget,2026-03-24T03:17:29Z,Budget Checked,Finance
REQ-2026-0095,Raise Purchase Order,2026-03-24T03:29:25Z,Ordered,Procurement
REQ-2026-0112,Check Budget,2026-03-24T03:56:58Z,Budget Checked,Finance
REQ-2026-0115,Check Budget,2026-03-24T04:14:35Z,Budget Checked,Finance
REQ-2026-0087,Close Requisition,2026-03-24T04:38:53Z,Closed,Procurement
REQ-2026-0045,Receive Goods,2026-03-24T04:52:52Z,Received,Procurement
REQ-2026-0098,Raise Purchase Order,2026-03-24T07:17:17Z,Ordered,Procurement
REQ-2026-0116,Raise Requisition,2026-03-24T08:05:05Z,Raised,Procurement
REQ-2026-0117,Raise Requisition,2026-03-24T08:25:07Z,Raised,Procurement
REQ-2026-0097,Review Terms,2026-03-24T10:18:41Z,Terms Reviewed,Legal
REQ-2026-0118,Raise Requisition,2026-03-24T10:31:02Z,Raised,Procurement
REQ-2026-0102,Review Terms,2026-03-24T10:55:12Z,Terms Reviewed,Legal
REQ-2026-0119,Raise Requisition,2026-03-24T12:19:02Z,Raised,Procurement
REQ-2026-0120,Raise Requisition,2026-03-24T12:28:13Z,Raised,Procurement
REQ-2026-0121,Raise Requisition,2026-03-24T12:59:46Z,Raised,Procurement
REQ-2026-0071,Receive Goods,2026-03-24T13:31:33Z,Received,Procurement
REQ-2026-0045,Close Requisition,2026-03-24T13:55:52Z,Closed,Procurement
REQ-2026-0116,Check Budget,2026-03-24T14:42:05Z,Budget Checked,Finance
REQ-2026-0118,Check Budget,2026-03-24T14:54:02Z,Budget Checked,Finance
REQ-2026-0109,Reject Requisition,2026-03-24T14:57:29Z,Rejected,Finance
REQ-2026-0117,Check Budget,2026-03-24T15:26:07Z,Budget Checked,Finance
REQ-2026-0120,Check Budget,2026-03-24T15:34:13Z,Budget Checked,Finance
REQ-2026-0104,Review Terms,2026-03-24T17:08:20Z,Terms Reviewed,Legal
REQ-2026-0099,Query Terms,2026-03-24T17:08:48Z,Terms Queried,Finance
REQ-2026-0062,Receive Goods,2026-03-24T17:17:56Z,Received,Procurement
REQ-2026-0108,Reject Requisition,2026-03-24T18:26:55Z,Rejected,Finance
REQ-2026-0119,Check Budget,2026-03-24T19:28:02Z,Budget Checked,Finance
REQ-2026-0121,Check Budget,2026-03-24T20:18:46Z,Budget Checked,Finance
REQ-2026-0062,Close Requisition,2026-03-24T20:41:56Z,Closed,Procurement
REQ-2026-0102,Query Terms,2026-03-24T22:31:12Z,Terms Queried,Finance
REQ-2026-0097,Query Terms,2026-03-24T23:41:41Z,Terms Queried,Finance
REQ-2026-0085,Receive Goods,2026-03-25T00:16:43Z,Received,Procurement
REQ-2026-0071,Close Requisition,2026-03-25T00:21:33Z,Closed,Procurement
REQ-2026-0103,Review Terms,2026-03-25T00:28:03Z,Terms Reviewed,Legal
REQ-2026-0107,Review Terms,2026-03-25T01:34:34Z,Terms Reviewed,Legal
REQ-2026-0093,Receive Goods,2026-03-25T02:35:08Z,Received,Procurement
REQ-2026-0085,Close Requisition,2026-03-25T05:17:43Z,Closed,Procurement
REQ-2026-0106,Review Terms,2026-03-25T05:31:03Z,Terms Reviewed,Legal
REQ-2026-0078,Receive Goods,2026-03-25T07:34:08Z,Received,Procurement
REQ-2026-0107,Query Terms,2026-03-25T07:47:34Z,Terms Queried,Finance
REQ-2026-0117,Reject Requisition,2026-03-25T08:36:07Z,Rejected,Finance
REQ-2026-0081,Receive Goods,2026-03-25T08:43:15Z,Received,Procurement
REQ-2026-0093,Close Requisition,2026-03-25T09:04:08Z,Closed,Procurement
REQ-2026-0122,Raise Requisition,2026-03-25T09:13:55Z,Raised,Procurement
REQ-2026-0078,Close Requisition,2026-03-25T09:15:08Z,Closed,Procurement
REQ-2026-0103,Raise Purchase Order,2026-03-25T09:23:03Z,Ordered,Procurement
REQ-2026-0115,Review Terms,2026-03-25T09:43:35Z,Terms Reviewed,Legal
REQ-2026-0081,Close Requisition,2026-03-25T10:37:15Z,Closed,Procurement
REQ-2026-0123,Raise Requisition,2026-03-25T10:47:07Z,Raised,Procurement
REQ-2026-0115,Raise Purchase Order,2026-03-25T11:47:35Z,Ordered,Procurement
REQ-2026-0089,Receive Goods,2026-03-25T13:17:11Z,Received,Procurement
REQ-2026-0124,Raise Requisition,2026-03-25T13:35:14Z,Raised,Procurement
REQ-2026-0104,Query Terms,2026-03-25T13:38:20Z,Terms Queried,Finance
REQ-2026-0101,Review Terms,2026-03-25T13:45:05Z,Terms Reviewed,Legal
REQ-2026-0125,Raise Requisition,2026-03-25T14:06:12Z,Raised,Procurement
REQ-2026-0126,Raise Requisition,2026-03-25T14:23:17Z,Raised,Procurement
REQ-2026-0127,Raise Requisition,2026-03-25T14:35:56Z,Raised,Procurement
REQ-2026-0128,Raise Requisition,2026-03-25T14:57:50Z,Raised,Procurement
REQ-2026-0044,Receive Goods,2026-03-25T15:00:14Z,Received,Procurement
REQ-2026-0124,Check Budget,2026-03-25T15:38:14Z,Budget Checked,Finance
REQ-2026-0101,Raise Purchase Order,2026-03-25T16:42:05Z,Ordered,Procurement
REQ-2026-0127,Check Budget,2026-03-25T16:57:56Z,Budget Checked,Finance
REQ-2026-0050,Receive Goods,2026-03-25T18:10:04Z,Received,Procurement
REQ-2026-0120,Review Terms,2026-03-25T18:27:13Z,Terms Reviewed,Legal
REQ-2026-0106,Query Terms,2026-03-25T18:40:03Z,Terms Queried,Finance
REQ-2026-0044,Close Requisition,2026-03-25T20:06:14Z,Closed,Procurement
REQ-2026-0123,Check Budget,2026-03-25T21:16:07Z,Budget Checked,Finance
REQ-2026-0089,Close Requisition,2026-03-25T21:21:11Z,Closed,Procurement
REQ-2026-0122,Check Budget,2026-03-25T21:38:55Z,Budget Checked,Finance
REQ-2026-0092,Receive Goods,2026-03-25T23:19:02Z,Received,Procurement
REQ-2026-0075,Receive Goods,2026-03-25T23:19:36Z,Received,Procurement
REQ-2026-0114,Review Terms,2026-03-25T23:38:14Z,Terms Reviewed,Legal
REQ-2026-0125,Check Budget,2026-03-26T00:43:12Z,Budget Checked,Finance
REQ-2026-0120,Raise Purchase Order,2026-03-26T01:15:13Z,Ordered,Procurement
REQ-2026-0092,Close Requisition,2026-03-26T01:23:02Z,Closed,Procurement
REQ-2026-0128,Check Budget,2026-03-26T01:34:50Z,Budget Checked,Finance
REQ-2026-0126,Check Budget,2026-03-26T02:01:17Z,Budget Checked,Finance
REQ-2026-0082,Receive Goods,2026-03-26T04:47:10Z,Received,Procurement
REQ-2026-0110,Review Terms,2026-03-26T05:31:33Z,Terms Reviewed,Legal
REQ-2026-0114,Raise Purchase Order,2026-03-26T05:39:14Z,Ordered,Procurement
REQ-2026-0050,Close Requisition,2026-03-26T05:46:04Z,Closed,Procurement
REQ-2026-0097,Revise Terms,2026-03-26T05:52:41Z,Terms Revised,Legal
REQ-2026-0097,Accept Terms,2026-03-26T08:06:41Z,Terms Agreed,Finance
REQ-2026-0129,Raise Requisition,2026-03-26T08:11:16Z,Raised,Procurement
REQ-2026-0130,Raise Requisition,2026-03-26T08:12:27Z,Raised,Procurement
REQ-2026-0131,Raise Requisition,2026-03-26T08:30:59Z,Raised,Procurement
REQ-2026-0075,Close Requisition,2026-03-26T08:53:36Z,Closed,Procurement
REQ-2026-0132,Raise Requisition,2026-03-26T09:18:09Z,Raised,Procurement
REQ-2026-0133,Raise Requisition,2026-03-26T09:27:17Z,Raised,Procurement
REQ-2026-0134,Raise Requisition,2026-03-26T09:36:31Z,Raised,Procurement
REQ-2026-0135,Raise Requisition,2026-03-26T10:06:11Z,Raised,Procurement
REQ-2026-0129,Check Budget,2026-03-26T10:56:16Z,Budget Checked,Finance
REQ-2026-0136,Raise Requisition,2026-03-26T11:00:11Z,Raised,Procurement
REQ-2026-0137,Raise Requisition,2026-03-26T11:26:36Z,Raised,Procurement
REQ-2026-0138,Raise Requisition,2026-03-26T12:01:12Z,Raised,Procurement
REQ-2026-0139,Raise Requisition,2026-03-26T12:02:33Z,Raised,Procurement
REQ-2026-0111,Review Terms,2026-03-26T12:15:29Z,Terms Reviewed,Legal
REQ-2026-0140,Raise Requisition,2026-03-26T12:48:18Z,Raised,Procurement
REQ-2026-0141,Raise Requisition,2026-03-26T12:57:00Z,Raised,Procurement
REQ-2026-0113,Review Terms,2026-03-26T13:31:16Z,Terms Reviewed,Legal
REQ-2026-0142,Raise Requisition,2026-03-26T13:45:02Z,Raised,Procurement
REQ-2026-0131,Check Budget,2026-03-26T14:06:59Z,Budget Checked,Finance
REQ-2026-0134,Check Budget,2026-03-26T14:12:31Z,Budget Checked,Finance
REQ-2026-0135,Check Budget,2026-03-26T14:32:11Z,Budget Checked,Finance
REQ-2026-0139,Check Budget,2026-03-26T15:02:33Z,Budget Checked,Finance
REQ-2026-0082,Close Requisition,2026-03-26T15:03:10Z,Closed,Procurement
REQ-2026-0111,Raise Purchase Order,2026-03-26T15:47:29Z,Ordered,Procurement
REQ-2026-0133,Check Budget,2026-03-26T15:57:17Z,Budget Checked,Finance
REQ-2026-0097,Raise Purchase Order,2026-03-26T16:28:41Z,Ordered,Procurement
REQ-2026-0143,Raise Requisition,2026-03-26T16:52:08Z,Raised,Procurement
REQ-2026-0141,Check Budget,2026-03-26T16:55:00Z,Budget Checked,Finance
REQ-2026-0140,Check Budget,2026-03-26T17:53:18Z,Budget Checked,Finance
REQ-2026-0137,Check Budget,2026-03-26T18:01:36Z,Budget Checked,Finance
REQ-2026-0142,Check Budget,2026-03-26T18:27:02Z,Budget Checked,Finance
REQ-2026-0136,Check Budget,2026-03-26T19:17:11Z,Budget Checked,Finance
REQ-2026-0063,Receive Goods,2026-03-26T19:42:43Z,Received,Procurement
REQ-2026-0130,Check Budget,2026-03-26T19:51:27Z,Budget Checked,Finance
REQ-2026-0132,Check Budget,2026-03-26T21:16:09Z,Budget Checked,Finance
REQ-2026-0107,Revise Terms,2026-03-26T21:20:34Z,Terms Revised,Legal
REQ-2026-0138,Check Budget,2026-03-26T21:40:12Z,Budget Checked,Finance
REQ-2026-0102,Revise Terms,2026-03-26T21:57:12Z,Terms Revised,Legal
REQ-2026-0091,Receive Goods,2026-03-26T22:41:48Z,Received,Procurement
REQ-2026-0090,Receive Goods,2026-03-27T00:57:38Z,Received,Procurement
REQ-2026-0116,Review Terms,2026-03-27T01:30:05Z,Terms Reviewed,Legal
REQ-2026-0095,Receive Goods,2026-03-27T01:33:25Z,Received,Procurement
REQ-2026-0063,Close Requisition,2026-03-27T02:06:43Z,Closed,Procurement
REQ-2026-0107,Accept Terms,2026-03-27T02:27:34Z,Terms Agreed,Finance
REQ-2026-0143,Check Budget,2026-03-27T02:48:08Z,Budget Checked,Finance
REQ-2026-0116,Raise Purchase Order,2026-03-27T02:49:05Z,Ordered,Procurement
REQ-2026-0110,Query Terms,2026-03-27T02:55:33Z,Terms Queried,Finance
REQ-2026-0039,Receive Goods,2026-03-27T03:07:49Z,Received,Procurement
REQ-2026-0088,Receive Goods,2026-03-27T04:29:21Z,Received,Procurement
REQ-2026-0090,Close Requisition,2026-03-27T04:55:38Z,Closed,Procurement
REQ-2026-0107,Raise Purchase Order,2026-03-27T05:53:34Z,Ordered,Procurement
REQ-2026-0113,Query Terms,2026-03-27T07:19:16Z,Terms Queried,Finance
REQ-2026-0144,Raise Requisition,2026-03-27T08:13:13Z,Raised,Procurement
REQ-2026-0145,Raise Requisition,2026-03-27T08:26:28Z,Raised,Procurement
REQ-2026-0104,Revise Terms,2026-03-27T08:33:20Z,Terms Revised,Legal
REQ-2026-0091,Close Requisition,2026-03-27T10:05:48Z,Closed,Procurement
REQ-2026-0135,Reject Requisition,2026-03-27T10:12:11Z,Rejected,Finance
REQ-2026-0102,Accept Terms,2026-03-27T10:36:12Z,Terms Agreed,Finance
REQ-2026-0095,Close Requisition,2026-03-27T10:53:25Z,Closed,Procurement
REQ-2026-0146,Raise Requisition,2026-03-27T11:28:15Z,Raised,Procurement
REQ-2026-0147,Raise Requisition,2026-03-27T11:47:51Z,Raised,Procurement
REQ-2026-0148,Raise Requisition,2026-03-27T12:43:37Z,Raised,Procurement
REQ-2026-0144,Check Budget,2026-03-27T12:49:13Z,Budget Checked,Finance
REQ-2026-0149,Raise Requisition,2026-03-27T12:50:23Z,Raised,Procurement
REQ-2026-0088,Close Requisition,2026-03-27T13:29:21Z,Closed,Procurement
REQ-2026-0104,Accept Terms,2026-03-27T13:41:20Z,Terms Agreed,Finance
REQ-2026-0124,Review Terms,2026-03-27T13:51:14Z,Terms Reviewed,Legal
REQ-2026-0039,Close Requisition,2026-03-27T14:04:49Z,Closed,Procurement
REQ-2026-0079,Receive Goods,2026-03-27T14:29:30Z,Received,Procurement
REQ-2026-0072,Receive Goods,2026-03-27T14:36:38Z,Received,Procurement
REQ-2026-0080,Receive Goods,2026-03-27T14:40:08Z,Received,Procurement
REQ-2026-0150,Raise Requisition,2026-03-27T14:58:31Z,Raised,Procurement
REQ-2026-0151,Raise Requisition,2026-03-27T15:12:09Z,Raised,Procurement
REQ-2026-0152,Raise Requisition,2026-03-27T16:20:26Z,Raised,Procurement
REQ-2026-0153,Raise Requisition,2026-03-27T16:38:05Z,Raised,Procurement
REQ-2026-0104,Raise Purchase Order,2026-03-27T18:32:20Z,Ordered,Procurement
REQ-2026-0148,Check Budget,2026-03-27T18:43:37Z,Budget Checked,Finance
REQ-2026-0144,Reject Requisition,2026-03-27T18:55:13Z,Rejected,Finance
REQ-2026-0141,Review Terms,2026-03-27T19:04:00Z,Terms Reviewed,Legal
REQ-2026-0102,Raise Purchase Order,2026-03-27T19:25:12Z,Ordered,Procurement
REQ-2026-0110,Accept Terms,2026-03-27T19:41:33Z,Terms Agreed,Finance
REQ-2026-0061,Receive Goods,2026-03-27T19:42:31Z,Received,Procurement
REQ-2026-0145,Check Budget,2026-03-27T19:46:28Z,Budget Checked,Finance
REQ-2026-0147,Check Budget,2026-03-27T20:12:51Z,Budget Checked,Finance
REQ-2026-0126,Review Terms,2026-03-27T20:16:17Z,Terms Reviewed,Legal
REQ-2026-0058,Receive Goods,2026-03-27T20:35:40Z,Received,Procurement
REQ-2026-0072,Close Requisition,2026-03-27T20:45:38Z,Closed,Procurement
REQ-2026-0150,Check Budget,2026-03-27T21:47:31Z,Budget Checked,Finance
REQ-2026-0153,Check Budget,2026-03-27T21:53:05Z,Budget Checked,Finance
REQ-2026-0079,Close Requisition,2026-03-27T21:54:30Z,Closed,Procurement
REQ-2026-0129,Review Terms,2026-03-27T22:02:16Z,Terms Reviewed,Legal
REQ-2026-0126,Raise Purchase Order,2026-03-27T22:08:17Z,Ordered,Procurement
REQ-2026-0142,Review Terms,2026-03-27T22:53:02Z,Terms Reviewed,Legal
REQ-2026-0076,Receive Goods,2026-03-27T23:01:00Z,Received,Procurement
REQ-2026-0149,Check Budget,2026-03-27T23:20:23Z,Budget Checked,Finance
REQ-2026-0146,Check Budget,2026-03-27T23:54:15Z,Budget Checked,Finance
REQ-2026-0113,Accept Terms,2026-03-27T23:57:16Z,Terms Agreed,Finance
REQ-2026-0076,Close Requisition,2026-03-28T00:03:00Z,Closed,Procurement
REQ-2026-0151,Check Budget,2026-03-28T00:15:09Z,Budget Checked,Finance
REQ-2026-0067,Receive Goods,2026-03-28T01:13:30Z,Received,Procurement
REQ-2026-0080,Close Requisition,2026-03-28T02:03:08Z,Closed,Procurement
REQ-2026-0142,Raise Purchase Order,2026-03-28T02:44:02Z,Ordered,Procurement
REQ-2026-0110,Raise Purchase Order,2026-03-28T03:24:33Z,Ordered,Procurement
REQ-2026-0061,Close Requisition,2026-03-28T03:31:31Z,Closed,Procurement
REQ-2026-0113,Raise Purchase Order,2026-03-28T03:47:16Z,Ordered,Procurement
REQ-2026-0152,Check Budget,2026-03-28T04:38:26Z,Budget Checked,Finance
REQ-2026-0058,Close Requisition,2026-03-28T04:44:40Z,Closed,Procurement
REQ-2026-0149,Reject Requisition,2026-03-28T05:32:23Z,Rejected,Finance
REQ-2026-0098,Receive Goods,2026-03-28T05:53:17Z,Received,Procurement
REQ-2026-0124,Reject Requisition,2026-03-28T06:17:14Z,Rejected,Finance
REQ-2026-0141,Reject Requisition,2026-03-28T06:23:00Z,Rejected,Finance
REQ-2026-0099,Revise Terms,2026-03-28T07:00:48Z,Terms Revised,Legal
REQ-2026-0074,Receive Goods,2026-03-28T07:43:40Z,Received,Procurement
REQ-2026-0119,Review Terms,2026-03-28T07:49:02Z,Terms Reviewed,Legal
REQ-2026-0086,Receive Goods,2026-03-28T08:36:09Z,Received,Procurement
REQ-2026-0131,Review Terms,2026-03-28T10:02:59Z,Terms Reviewed,Legal
REQ-2026-0067,Close Requisition,2026-03-28T11:04:30Z,Closed,Procurement
REQ-2026-0128,Review Terms,2026-03-28T11:13:50Z,Terms Reviewed,Legal
REQ-2026-0138,Review Terms,2026-03-28T11:26:12Z,Terms Reviewed,Legal
REQ-2026-0100,Receive Goods,2026-03-28T13:13:39Z,Received,Procurement
REQ-2026-0074,Close Requisition,2026-03-28T14:04:40Z,Closed,Procurement
REQ-2026-0119,Raise Purchase Order,2026-03-28T14:50:02Z,Ordered,Procurement
REQ-2026-0131,Raise Purchase Order,2026-03-28T15:09:59Z,Ordered,Procurement
REQ-2026-0129,Query Terms,2026-03-28T15:20:16Z,Terms Queried,Finance
REQ-2026-0103,Receive Goods,2026-03-28T15:32:03Z,Received,Procurement
REQ-2026-0105,Review Terms,2026-03-28T15:54:43Z,Terms Reviewed,Legal
REQ-2026-0086,Close Requisition,2026-03-28T16:38:09Z,Closed,Procurement
REQ-2026-0105,Raise Purchase Order,2026-03-28T17:53:43Z,Ordered,Procurement
REQ-2026-0098,Close Requisition,2026-03-28T18:28:17Z,Closed,Procurement
REQ-2026-0100,Close Requisition,2026-03-28T19:19:39Z,Closed,Procurement
REQ-2026-0138,Query Terms,2026-03-28T19:41:12Z,Terms Queried,Finance
REQ-2026-0128,Query Terms,2026-03-28T20:45:50Z,Terms Queried,Finance
REQ-2026-0133,Review Terms,2026-03-28T22:14:17Z,Terms Reviewed,Legal
REQ-2026-0099,Accept Terms,2026-03-28T22:15:48Z,Terms Agreed,Finance
REQ-2026-0103,Close Requisition,2026-03-28T23:32:03Z,Closed,Procurement
REQ-2026-0106,Revise Terms,2026-03-29T01:31:03Z,Terms Revised,Legal
REQ-2026-0151,Review Terms,2026-03-29T01:59:09Z,Terms Reviewed,Legal
REQ-2026-0121,Review Terms,2026-03-29T02:28:46Z,Terms Reviewed,Legal
REQ-2026-0112,Review Terms,2026-03-29T03:17:58Z,Terms Reviewed,Legal
REQ-2026-0096,Receive Goods,2026-03-29T03:46:14Z,Received,Procurement
REQ-2026-0133,Raise Purchase Order,2026-03-29T04:50:17Z,Ordered,Procurement
REQ-2026-0099,Raise Purchase Order,2026-03-29T06:00:48Z,Ordered,Procurement
REQ-2026-0106,Accept Terms,2026-03-29T06:51:03Z,Terms Agreed,Finance
REQ-2026-0114,Receive Goods,2026-03-29T07:11:14Z,Received,Procurement
REQ-2026-0112,Raise Purchase Order,2026-03-29T07:47:58Z,Ordered,Procurement
REQ-2026-0096,Close Requisition,2026-03-29T08:42:14Z,Closed,Procurement
REQ-2026-0116,Receive Goods,2026-03-29T08:47:05Z,Received,Procurement
REQ-2026-0122,Review Terms,2026-03-29T12:31:55Z,Terms Reviewed,Legal
REQ-2026-0151,Query Terms,2026-03-29T13:19:09Z,Terms Queried,Finance
REQ-2026-0094,Receive Goods,2026-03-29T13:27:13Z,Received,Procurement
REQ-2026-0147,Review Terms,2026-03-29T13:42:51Z,Terms Reviewed,Legal
REQ-2026-0116,Close Requisition,2026-03-29T14:06:05Z,Closed,Procurement
REQ-2026-0139,Review Terms,2026-03-29T14:13:33Z,Terms Reviewed,Legal
REQ-2026-0106,Raise Purchase Order,2026-03-29T14:42:03Z,Ordered,Procurement
REQ-2026-0118,Review Terms,2026-03-29T15:01:02Z,Terms Reviewed,Legal
REQ-2026-0114,Close Requisition,2026-03-29T19:47:14Z,Closed,Procurement
REQ-2026-0094,Close Requisition,2026-03-29T20:00:13Z,Closed,Procurement
REQ-2026-0147,Raise Purchase Order,2026-03-29T22:01:51Z,Ordered,Procurement
REQ-2026-0121,Reject Requisition,2026-03-29T22:35:46Z,Rejected,Finance
REQ-2026-0127,Review Terms,2026-03-29T22:45:56Z,Terms Reviewed,Legal
REQ-2026-0134,Review Terms,2026-03-30T00:07:31Z,Terms Reviewed,Legal
REQ-2026-0130,Review Terms,2026-03-30T00:58:27Z,Terms Reviewed,Legal
REQ-2026-0125,Review Terms,2026-03-30T01:34:12Z,Terms Reviewed,Legal
REQ-2026-0127,Raise Purchase Order,2026-03-30T02:40:56Z,Ordered,Procurement
REQ-2026-0125,Raise Purchase Order,2026-03-30T04:04:12Z,Ordered,Procurement
REQ-2026-0123,Review Terms,2026-03-30T05:11:07Z,Terms Reviewed,Legal
REQ-2026-0148,Review Terms,2026-03-30T05:49:37Z,Terms Reviewed,Legal
REQ-2026-0139,Query Terms,2026-03-30T05:54:33Z,Terms Queried,Finance
REQ-2026-0122,Query Terms,2026-03-30T06:49:55Z,Terms Queried,Finance
REQ-2026-0138,Revise Terms,2026-03-30T07:59:12Z,Terms Revised,Legal
REQ-2026-0134,Raise Purchase Order,2026-03-30T08:51:31Z,Ordered,Procurement
REQ-2026-0154,Raise Requisition,2026-03-30T09:25:23Z,Raised,Procurement
REQ-2026-0155,Raise Requisition,2026-03-30T09:45:56Z,Raised,Procurement
REQ-2026-0148,Raise Purchase Order,2026-03-30T10:53:37Z,Ordered,Procurement
REQ-2026-0118,Query Terms,2026-03-30T11:05:02Z,Terms Queried,Finance
REQ-2026-0156,Raise Requisition,2026-03-30T11:17:36Z,Raised,Procurement
REQ-2026-0157,Raise Requisition,2026-03-30T11:37:37Z,Raised,Procurement
REQ-2026-0158,Raise Requisition,2026-03-30T12:26:22Z,Raised,Procurement
REQ-2026-0159,Raise Requisition,2026-03-30T12:39:06Z,Raised,Procurement
REQ-2026-0160,Raise Requisition,2026-03-30T12:54:53Z,Raised,Procurement
REQ-2026-0104,Receive Goods,2026-03-30T12:58:20Z,Received,Procurement
REQ-2026-0161,Raise Requisition,2026-03-30T13:02:41Z,Raised,Procurement
REQ-2026-0162,Raise Requisition,2026-03-30T14:07:58Z,Raised,Procurement
REQ-2026-0163,Raise Requisition,2026-03-30T14:14:27Z,Raised,Procurement
REQ-2026-0123,Query Terms,2026-03-30T14:16:07Z,Terms Queried,Finance
REQ-2026-0156,Check Budget,2026-03-30T14:46:36Z,Budget Checked,Finance
REQ-2026-0122,Accept Terms,2026-03-30T14:54:55Z,Terms Agreed,Finance
REQ-2026-0155,Check Budget,2026-03-30T16:27:56Z,Budget Checked,Finance
REQ-2026-0132,Review Terms,2026-03-30T16:49:09Z,Terms Reviewed,Legal
REQ-2026-0138,Accept Terms,2026-03-30T17:20:12Z,Terms Agreed,Finance
REQ-2026-0136,Review Terms,2026-03-30T18:06:11Z,Terms Reviewed,Legal
REQ-2026-0139,Accept Terms,2026-03-30T18:41:33Z,Terms Agreed,Finance
REQ-2026-0146,Review Terms,2026-03-30T18:47:15Z,Terms Reviewed,Legal
REQ-2026-0158,Check Budget,2026-03-30T19:50:22Z,Budget Checked,Finance
REQ-2026-0122,Raise Purchase Order,2026-03-30T20:07:55Z,Ordered,Procurement
REQ-2026-0153,Review Terms,2026-03-30T20:11:05Z,Terms Reviewed,Legal
REQ-2026-0161,Check Budget,2026-03-30T20:29:41Z,Budget Checked,Finance
REQ-2026-0154,Check Budget,2026-03-30T20:52:23Z,Budget Checked,Finance
REQ-2026-0163,Check Budget,2026-03-30T20:58:27Z,Budget Checked,Finance
REQ-2026-0146,Raise Purchase Order,2026-03-30T22:00:15Z,Ordered,Procurement
REQ-2026-0159,Check Budget,2026-03-30T22:32:06Z,Budget Checked,Finance
REQ-2026-0104,Close Requisition,2026-03-30T22:33:20Z,Closed,Procurement
REQ-2026-0130,Reject Requisition,2026-03-30T22:45:27Z,Rejected,Finance
REQ-2026-0143,Review Terms,2026-03-30T22:52:08Z,Terms Reviewed,Legal
REQ-2026-0157,Check Budget,2026-03-30T23:03:37Z,Budget Checked,Finance
REQ-2026-0152,Review Terms,2026-03-30T23:27:26Z,Terms Reviewed,Legal
REQ-2026-0145,Review Terms,2026-03-30T23:43:28Z,Terms Reviewed,Legal
REQ-2026-0136,Query Terms,2026-03-30T23:51:11Z,Terms Queried,Finance
REQ-2026-0143,Raise Purchase Order,2026-03-31T00:49:08Z,Ordered,Procurement
REQ-2026-0153,Raise Purchase Order,2026-03-31T00:52:05Z,Ordered,Procurement
REQ-2026-0160,Check Budget,2026-03-31T01:13:53Z,Budget Checked,Finance
REQ-2026-0138,Raise Purchase Order,2026-03-31T01:16:12Z,Ordered,Procurement
REQ-2026-0140,Review Terms,2026-03-31T01:32:18Z,Terms Reviewed,Legal
REQ-2026-0139,Raise Purchase Order,2026-03-31T02:07:33Z,Ordered,Procurement
REQ-2026-0162,Check Budget,2026-03-31T02:10:58Z,Budget Checked,Finance
REQ-2026-0118,Accept Terms,2026-03-31T02:35:02Z,Terms Agreed,Finance
REQ-2026-0151,Revise Terms,2026-03-31T06:20:09Z,Terms Revised,Legal
REQ-2026-0140,Raise Purchase Order,2026-03-31T06:39:18Z,Ordered,Procurement
REQ-2026-0107,Receive Goods,2026-03-31T07:15:34Z,Received,Procurement
REQ-2026-0118,Raise Purchase Order,2026-03-31T08:40:02Z,Ordered,Procurement
REQ-2026-0145,Query Terms,2026-03-31T08:40:28Z,Terms Queried,Finance
REQ-2026-0152,Query Terms,2026-03-31T08:42:26Z,Terms Queried,Finance
REQ-2026-0151,Accept Terms,2026-03-31T09:14:09Z,Terms Agreed,Finance
REQ-2026-0107,Close Requisition,2026-03-31T09:19:34Z,Closed,Procurement
REQ-2026-0142,Receive Goods,2026-03-31T09:34:02Z,Received,Procurement
REQ-2026-0073,Receive Goods,2026-03-31T10:09:43Z,Received,Procurement
REQ-2026-0105,Receive Goods,2026-03-31T10:40:43Z,Received,Procurement
REQ-2026-0164,Raise Requisition,2026-03-31T11:09:57Z,Raised,Procurement
REQ-2026-0152,Accept Terms,2026-03-31T12:00:26Z,Terms Agreed,Finance
REQ-2026-0137,Review Terms,2026-03-31T12:04:36Z,Terms Reviewed,Legal
REQ-2026-0165,Raise Requisition,2026-03-31T12:34:27Z,Raised,Procurement
REQ-2026-0166,Raise Requisition,2026-03-31T12:46:51Z,Raised,Procurement
REQ-2026-0105,Close Requisition,2026-03-31T12:56:43Z,Closed,Procurement
REQ-2026-0137,Raise Purchase Order,2026-03-31T14:25:36Z,Ordered,Procurement
REQ-2026-0167,Raise Requisition,2026-03-31T14:28:42Z,Raised,Procurement
REQ-2026-0168,Raise Requisition,2026-03-31T14:46:48Z,Raised,Procurement
REQ-2026-0142,Close Requisition,2026-03-31T14:53:02Z,Closed,Procurement
REQ-2026-0151,Raise Purchase Order,2026-03-31T15:05:09Z,Ordered,Procurement
REQ-2026-0169,Raise Requisition,2026-03-31T15:16:36Z,Raised,Procurement
REQ-2026-0170,Raise Requisition,2026-03-31T15:41:05Z,Raised,Procurement
REQ-2026-0171,Raise Requisition,2026-03-31T15:47:09Z,Raised,Procurement
REQ-2026-0166,Check Budget,2026-03-31T15:59:51Z,Budget Checked,Finance
REQ-2026-0172,Raise Requisition,2026-03-31T16:24:26Z,Raised,Procurement
REQ-2026-0168,Check Budget,2026-03-31T16:51:48Z,Budget Checked,Finance
REQ-2026-0119,Receive Goods,2026-03-31T17:36:02Z,Received,Procurement
REQ-2026-0132,Reject Requisition,2026-03-31T17:41:09Z,Rejected,Finance
REQ-2026-0164,Check Budget,2026-03-31T17:42:57Z,Budget Checked,Finance
REQ-2026-0152,Raise Purchase Order,2026-03-31T18:41:26Z,Ordered,Procurement
REQ-2026-0165,Check Budget,2026-03-31T20:47:27Z,Budget Checked,Finance
REQ-2026-0172,Check Budget,2026-03-31T21:25:26Z,Budget Checked,Finance
REQ-2026-0171,Check Budget,2026-03-31T22:12:09Z,Budget Checked,Finance
REQ-2026-0073,Close Requisition,2026-03-31T22:15:43Z,Closed,Procurement
REQ-2026-0111,Receive Goods,2026-03-31T22:38:29Z,Received,Procurement
REQ-2026-0167,Check Budget,2026-03-31T23:04:42Z,Budget Checked,Finance
REQ-2026-0154,Review Terms,2026-03-31T23:34:23Z,Terms Reviewed,Legal
REQ-2026-0119,Close Requisition,2026-03-31T23:39:02Z,Closed,Procurement
REQ-2026-0164,Reject Requisition,2026-03-31T23:40:57Z,Rejected,Finance
